Model,Any_slots,Typed_slots,Any_rate,Param_any,Param_typed,Param_rate,Return_any,Return_typed,Return_rate,Delta_vs_human
o3-mini,3918,13921,28.14%,3604,9603,37.53%,314,4318,7.27%,-7.67%
o3-mini-renamed,4289,14696,29.18%,3899,10135,38.47%,390,4561,8.55%,-6.63%
deepseek,2595,10086,25.73%,2431,6908,35.19%,164,3178,5.16%,-10.08%
deepseek-renamed,2507,9863,25.42%,2332,6750,34.55%,175,3113,5.62%,-10.40%
claude3-sonnet,2568,10364,24.78%,2415,7103,34.00%,153,3261,4.69%,-11.04%
claude3-sonnet-renamed,3737,14408,25.94%,3452,10011,34.48%,285,4397,6.48%,-9.88%
Human,4963,13858,35.81%,4917,10424,47.17%,46,3434,1.34%,—
gpt35,2180,6431,33.90%,1969,4490,43.85%,211,1941,10.87%,-1.91%
gpt35-renamed,2314,6835,33.86%,2124,4848,43.81%,190,1987,9.56%,-1.96%
