Model,Any_slots,Typed_slots,Any_rate,Param_any,Param_typed,Param_rate,Return_any,Return_typed,Return_rate,Delta_vs_human
Human,1754,87138,2.01%,1286,52811,2.44%,468,34327,1.36%,â€”
GPT4o,5916,101636,5.82%,4706,60045,7.84%,1210,41591,2.91%,+3.81%
O1-mini,10369,150451,6.89%,8374,88957,9.41%,1995,61494,3.24%,+4.88%
O3-mini,19601,156722,12.51%,15447,92419,16.71%,4154,64303,6.46%,+10.49%
DeepSeek,6949,101251,6.86%,5584,60555,9.22%,1365,40696,3.35%,+4.85%
Claude3-Sonnet,8043,109700,7.33%,6781,65587,10.34%,1262,44113,2.86%,+5.32%
DeepSeek-User-Annotated,6182,97550,6.34%,4963,58366,8.50%,1219,39184,3.11%,+4.32%
Claude3-Sonnet-User-Annotated,9951,145843,6.82%,8341,85616,9.74%,1610,60227,2.67%,+4.81%
O3-Mini-User-Annotated,14179,154221,9.19%,11588,91040,12.73%,2591,63181,4.10%,+7.18%
